email,name,password,group,textAnswer
smoke1@test.com,Smoke One,12345Abc,ASK1,This is my answer 1.
smoke2@test.com,Smoke Two,12345Abc,ASK2,This is my answer 2.
smoke3@test.com,Smoke Three,12345Abc,ASK3,This is my answer 3.14159
smoke4@test.com,Smoke Four,12345Abc,ASK4,Esta es mi respuesta 4
smoke5@test.com,Smoke Five,12345Abc,ASK5,Esta es mi respuesta 5
smoke6@test.com,Smoke Six,12345Abc,ASK6,Esta es mi respuesta 6
smoke7@test.com,Smoke Seven,12345Abc,ASK7,Esta es mi respuesta 7
smoke8@test.com,Smoke Eight,12345Abc,ASK8,Esta es mi respuesta 8
smoke9@test.com,Smoke Nine,12345Abc,ASK9,Esta es mi respuesta 9
smoke10@test.com,Smoke Ten,12345Abc,ASK10,這就是我的回答 10